{
    "prc": [
        {
            "precision": 0.41358024691358025,
            "recall": 1.0,
            "threshold": 0
        },
        {
            "precision": 0.6341463414634146,
            "recall": 0.3880597014925373,
            "threshold": 1
        }
    ]
}