{
    "roc": [
        {
            "fpr": 0.0,
            "tpr": 0.0,
            "threshold": 2
        },
        {
            "fpr": 0.15789473684210525,
            "tpr": 0.3880597014925373,
            "threshold": 1
        },
        {
            "fpr": 1.0,
            "tpr": 1.0,
            "threshold": 0
        }
    ]
}