{
    "train_score": 75.33333333333333,
    "test_score": 65.4320987654321,
    "roc_auc": 0.7046347211311861,
    "Precision": [
        0.41358024691358025,
        0.6341463414634146,
        1.0
    ],
    "Recall": [
        1.0,
        0.3880597014925373,
        0.0
    ],
    "Average precision": 0.49917305972396375,
    "Logistic Accuracy": 0.654320987654321,
    "Random Forest Accuracy": 0.5925925925925926
}