{
    "train_score": 75.33333333333333,
    "test_score": 65.4320987654321,
    "roc_auc": 0.7046347211311861,
    "Logistic Accuracy": 0.654320987654321
}